Workbook

Sheet PicMoney-Massa_de_Teste_com_Loj
A1: numero_celular | B1: data_captura | C1: tipo_cupom | D1: tipo_loja | E1: local_captura | F1: latitude | G1: longitude | H1: nome_loja | I1: endereco_loja | J1: valor_compra | K1: valor_cupom
A2: (41) 96047-8110 | B2: 45843 | C2: Produto | D2: outros | E2: CalÃ§ada aleatÃ³ria | F2: -2.3563851e+16 | G2: -4.6650041e+15 | H2: PÃ£o de AÃ§Ãºcar | I2: Rua Pamplona, 1704 | J2: 834.43 | K2: 28.21
A3: (11) 94020-8306 | B3: 45850 | C3: Desconto | D3: mÃ³veis | E3: CalÃ§ada aleatÃ³ria | F3: -2.3563806e+15 | G3: -4.6649543e+15 | H3: PÃ£o de AÃ§Ãºcar | I3: Rua Pamplona, 1704 | J3: 884.21 | K3: 398.81
A4: (11) 92863-4530 | B4: 45857 | C4: Produto | D4: mÃ³veis | E4: Shopping Cidade SÃ£o Paulo | F4: -2.3563227e+16 | G4: -4.6652373e+15 | H4: Kalunga | I4: Rua Augusta, 2220 | J4: 903.79 | K4: 48.43
A5: (11) 94282-1224 | B5: 45857 | C5: Produto | D5: vestuÃ¡rio | E5: SemÃ¡foro | F5: -2.3561526e+15 | G5: -4.665377e+15 | H5: Daiso Japan | I5: Shopping PÃ¡tio Paulista, Rua Treze de Maio, 1947 | J5: 792.39 | K5: 10.82
A6: (11) 91506-1278 | B6: 45843 | C6: Produto | D6: outros | E6: Shopping PÃ¡tio Paulista | F6: -2.357069e+15 | G6: -4.6645488e+16 | H6: Smart Fit | I6: Av. Paulista, 2006 | J6: 146.92 | K6: 8.34
A7: (11) 98991-7698 | B7: 45849 | C7: Produto | D7: outros | E7: SemÃ¡foro | F7: -2.3562139e+16 | G7: -4.665414e+16 | H7: Daiso Japan | I7: Shopping PÃ¡tio Paulista, Rua Treze de Maio, 1947 | J7: 920.12 | K7: 38.0
A8: (11) 93034-3780 | B8: 45864 | C8: Cashback | D8: outros | E8: Shopping Cidade SÃ£o Paulo | F8: -2.3563084e+15 | G8: -466528769840734 | H8: Daiso Japan | I8: Shopping PÃ¡tio Paulista, Rua Treze de Maio, 1947 | J8: 534.74 | K8: 26.74
A9: (11) 91841-7725 | B9: 45844 | C9: Cashback | D9: restaurante | E9: CalÃ§ada aleatÃ³ria | F9: -2.3564517e+16 | G9: -4.6650169e+15 | H9: Livraria Cultura | I9: Conjunto Nacional - Av. Paulista, 2073 | J9: 534.23 | K9: 26.71
A10: (11) 91302-3943 | B10: 45858 | C10: Desconto | D10: mÃ³veis | E10: MASP | F10: -2.3561718e+16 | G10: -4.6655787e+15 | H10: Drogaria SÃ£o Paulo | I10: Av. Paulista, 1230 | J10: 581.38 | K10: 259.78
A11: (11) 95801-7264 | B11: 45865 | C11: Produto | D11: vestuÃ¡rio | E11: SemÃ¡foro | F11: -2.3562272e+16 | G11: -466544236911104 | H11: Kalunga | I11: Rua Augusta, 2220 | J11: 322.49 | K11: 15.15
A12: (11) 96646-8529 | B12: 45864 | C12: Produto | D12: mercado express | E12: CalÃ§ada aleatÃ³ria | F12: -2.356356e+16 | G12: -4.6650068e+15 | H12: Havaianas | I12: Av. Paulista, 2439 | J12: 809.54 | K12: 45.73
A13: (11) 97656-1721 | B13: 45843 | C13: Produto | D13: mercado express | E13: Parque Trianon | F13: -2.3563992e+16 | G13: -4.6657426e+15 | H13: Smart Fit | I13: Av. Paulista, 2006 | J13: 113.63 | K13: 5.54
... A10001: (11) 92778-7032 | B10001: 45851 | C10001: Produto | D10001: esportivo | E10001: Shopping Cidade SÃ£o Paulo | F10001: -2.3562643e+16 | G10001: -4.6652789e+15 | H10001: Havaianas | I10001: Av. Paulista, 2439 | J10001: 979.0 | K10001: 43.06

Sheet Lojas_e_Valores
A1: numero_celular | B1: data_captura | C1: tipo_cupom | D1: tipo_loja | E1: local_captura | F1: latitude | G1: longitude | H1: nome_loja | I1: endereco_loja | J1: valor_compra | K1: valor_cupom
A2: (41) 96047-8110 | B2: 45843 | C2: Produto | D2: =VLOOKUP('PicMoney-Massa_de_Teste_com_Loj'!$D2,DePara!$A$1:$B$9,2,FALSE) -> Outros | E2: =VLOOKUP('PicMoney-Massa_de_Teste_com_Loj'!$E2,DePara!$D$1:$E$8,2,FALSE) -> Calçada aleatória | F2: -2.3563851e+16 | G2: -4.6650041e+15 | H2: =VLOOKUP('PicMoney-Massa_de_Teste_com_Loj'!$H2,DePara!$G$1:$H$16,2,FALSE) -> Pão de Açúcar | I2: =VLOOKUP('PicMoney-Massa_de_Teste_com_Loj'!$I2,DePara!$J$1:$K$15,2,FALSE) -> Rua Pamplona, 1704 | J2: 834.43 | K2: 28.21
A3: (11) 94020-8306 | B3: 45850 | C3: Desconto | D3: =VLOOKUP('PicMoney-Massa_de_Teste_com_Loj'!$D3,DePara!$A$1:$B$9,2,FALSE) -> Móveis | E3: =VLOOKUP('PicMoney-Massa_de_Teste_com_Loj'!$E3,DePara!$D$1:$E$8,2,FALSE) -> Calçada aleatória | F3: -2.3563806e+15 | G3: -4.6649543e+15 | H3: =VLOOKUP('PicMoney-Massa_de_Teste_com_Loj'!$H3,DePara!$G$1:$H$16,2,FALSE) -> Pão de Açúcar | I3: =VLOOKUP('PicMoney-Massa_de_Teste_com_Loj'!$I3,DePara!$J$1:$K$15,2,FALSE) -> Rua Pamplona, 1704 | J3: 884.21 | K3: 398.81
A4: (11) 92863-4530 | B4: 45857 | C4: Produto | D4: =VLOOKUP('PicMoney-Massa_de_Teste_com_Loj'!$D4,DePara!$A$1:$B$9,2,FALSE) -> Móveis | E4: =VLOOKUP('PicMoney-Massa_de_Teste_com_Loj'!$E4,DePara!$D$1:$E$8,2,FALSE) -> Shopping Cidade São Paulo | F4: -2.3563227e+16 | G4: -4.6652373e+15 | H4: =VLOOKUP('PicMoney-Massa_de_Teste_com_Loj'!$H4,DePara!$G$1:$H$16,2,FALSE) -> Kalunga | I4: =VLOOKUP('PicMoney-Massa_de_Teste_com_Loj'!$I4,DePara!$J$1:$K$15,2,FALSE) -> Rua Augusta, 2220 | J4: 903.79 | K4: 48.43
A5: (11) 94282-1224 | B5: 45857 | C5: Produto | D5: =VLOOKUP('PicMoney-Massa_de_Teste_com_Loj'!$D5,DePara!$A$1:$B$9,2,FALSE) -> Vestuário | E5: =VLOOKUP('PicMoney-Massa_de_Teste_com_Loj'!$E5,DePara!$D$1:$E$8,2,FALSE) -> Semáforo | F5: -2.3561526e+15 | G5: -4.665377e+15 | H5: =VLOOKUP('PicMoney-Massa_de_Teste_com_Loj'!$H5,DePara!$G$1:$H$16,2,FALSE) -> Daiso Japan | I5: =VLOOKUP('PicMoney-Massa_de_Teste_com_Loj'!$I5,DePara!$J$1:$K$15,2,FALSE) -> Shopping Pátio Paulista, Rua Treze de Maio, 1947 | J5: 792.39 | K5: 10.82
A6: (11) 91506-1278 | B6: 45843 | C6: Produto | D6: =VLOOKUP('PicMoney-Massa_de_Teste_com_Loj'!$D6,DePara!$A$1:$B$9,2,FALSE) -> Outros | E6: =VLOOKUP('PicMoney-Massa_de_Teste_com_Loj'!$E6,DePara!$D$1:$E$8,2,FALSE) -> Shopping Pátio Paulista | F6: -2.357069e+15 | G6: -4.6645488e+16 | H6: =VLOOKUP('PicMoney-Massa_de_Teste_com_Loj'!$H6,DePara!$G$1:$H$16,2,FALSE) -> Smart Fit | I6: =VLOOKUP('PicMoney-Massa_de_Teste_com_Loj'!$I6,DePara!$J$1:$K$15,2,FALSE) -> Av. Paulista, 2006 | J6: 146.92 | K6: 8.34
A7: (11) 98991-7698 | B7: 45849 | C7: Produto | D7: =VLOOKUP('PicMoney-Massa_de_Teste_com_Loj'!$D7,DePara!$A$1:$B$9,2,FALSE) -> Outros | E7: =VLOOKUP('PicMoney-Massa_de_Teste_com_Loj'!$E7,DePara!$D$1:$E$8,2,FALSE) -> Semáforo | F7: -2.3562139e+16 | G7: -4.665414e+16 | H7: =VLOOKUP('PicMoney-Massa_de_Teste_com_Loj'!$H7,DePara!$G$1:$H$16,2,FALSE) -> Daiso Japan | I7: =VLOOKUP('PicMoney-Massa_de_Teste_com_Loj'!$I7,DePara!$J$1:$K$15,2,FALSE) -> Shopping Pátio Paulista, Rua Treze de Maio, 1947 | J7: 920.12 | K7: 38
A8: (11) 93034-3780 | B8: 45864 | C8: Cashback | D8: =VLOOKUP('PicMoney-Massa_de_Teste_com_Loj'!$D8,DePara!$A$1:$B$9,2,FALSE) -> Outros | E8: =VLOOKUP('PicMoney-Massa_de_Teste_com_Loj'!$E8,DePara!$D$1:$E$8,2,FALSE) -> Shopping Cidade São Paulo | F8: -2.3563084e+15 | G8: -466528769840734 | H8: =VLOOKUP('PicMoney-Massa_de_Teste_com_Loj'!$H8,DePara!$G$1:$H$16,2,FALSE) -> Daiso Japan | I8: =VLOOKUP('PicMoney-Massa_de_Teste_com_Loj'!$I8,DePara!$J$1:$K$15,2,FALSE) -> Shopping Pátio Paulista, Rua Treze de Maio, 1947 | J8: 534.74 | K8: 26.74
A9: (11) 91841-7725 | B9: 45844 | C9: Cashback | D9: =VLOOKUP('PicMoney-Massa_de_Teste_com_Loj'!$D9,DePara!$A$1:$B$9,2,FALSE) -> Restaurante | E9: =VLOOKUP('PicMoney-Massa_de_Teste_com_Loj'!$E9,DePara!$D$1:$E$8,2,FALSE) -> Calçada aleatória | F9: -2.3564517e+16 | G9: -4.6650169e+15 | H9: =VLOOKUP('PicMoney-Massa_de_Teste_com_Loj'!$H9,DePara!$G$1:$H$16,2,FALSE) -> Livraria Cultura | I9: =VLOOKUP('PicMoney-Massa_de_Teste_com_Loj'!$I9,DePara!$J$1:$K$15,2,FALSE) -> Conjunto Nacional - Av. Paulista, 2073 | J9: 534.23 | K9: 26.71
A10: (11) 91302-3943 | B10: 45858 | C10: Desconto | D10: =VLOOKUP('PicMoney-Massa_de_Teste_com_Loj'!$D10,DePara!$A$1:$B$9,2,FALSE) -> Móveis | E10: =VLOOKUP('PicMoney-Massa_de_Teste_com_Loj'!$E10,DePara!$D$1:$E$8,2,FALSE) -> MASP | F10: -2.3561718e+16 | G10: -4.6655787e+15 | H10: =VLOOKUP('PicMoney-Massa_de_Teste_com_Loj'!$H10,DePara!$G$1:$H$16,2,FALSE) -> Drogaria São Paulo | I10: =VLOOKUP('PicMoney-Massa_de_Teste_com_Loj'!$I10,DePara!$J$1:$K$15,2,FALSE) -> Av. Paulista, 1230 | J10: 581.38 | K10: 259.78
A11: (11) 95801-7264 | B11: 45865 | C11: Produto | D11: =VLOOKUP('PicMoney-Massa_de_Teste_com_Loj'!$D11,DePara!$A$1:$B$9,2,FALSE) -> Vestuário | E11: =VLOOKUP('PicMoney-Massa_de_Teste_com_Loj'!$E11,DePara!$D$1:$E$8,2,FALSE) -> Semáforo | F11: -2.3562272e+16 | G11: -466544236911104 | H11: =VLOOKUP('PicMoney-Massa_de_Teste_com_Loj'!$H11,DePara!$G$1:$H$16,2,FALSE) -> Kalunga | I11: =VLOOKUP('PicMoney-Massa_de_Teste_com_Loj'!$I11,DePara!$J$1:$K$15,2,FALSE) -> Rua Augusta, 2220 | J11: 322.49 | K11: 15.15
A12: (11) 96646-8529 | B12: 45864 | C12: Produto | D12: =VLOOKUP('PicMoney-Massa_de_Teste_com_Loj'!$D12,DePara!$A$1:$B$9,2,FALSE) -> Mercado Express | E12: =VLOOKUP('PicMoney-Massa_de_Teste_com_Loj'!$E12,DePara!$D$1:$E$8,2,FALSE) -> Calçada aleatória | F12: -2.356356e+16 | G12: -4.6650068e+15 | H12: =VLOOKUP('PicMoney-Massa_de_Teste_com_Loj'!$H12,DePara!$G$1:$H$16,2,FALSE) -> Havaianas | I12: =VLOOKUP('PicMoney-Massa_de_Teste_com_Loj'!$I12,DePara!$J$1:$K$15,2,FALSE) -> Av. Paulista, 2439 | J12: 809.54 | K12: 45.73
A13: (11) 97656-1721 | B13: 45843 | C13: Produto | D13: =VLOOKUP('PicMoney-Massa_de_Teste_com_Loj'!$D13,DePara!$A$1:$B$9,2,FALSE) -> Mercado Express | E13: =VLOOKUP('PicMoney-Massa_de_Teste_com_Loj'!$E13,DePara!$D$1:$E$8,2,FALSE) -> Parque Trianon | F13: -2.3563992e+16 | G13: -4.6657426e+15 | H13: =VLOOKUP('PicMoney-Massa_de_Teste_com_Loj'!$H13,DePara!$G$1:$H$16,2,FALSE) -> Smart Fit | I13: =VLOOKUP('PicMoney-Massa_de_Teste_com_Loj'!$I13,DePara!$J$1:$K$15,2,FALSE) -> Av. Paulista, 2006 | J13: 113.63 | K13: 5.54
... A10000: (11) 92778-7032 | B10000: 45868 | C10000: Desconto | D10000: =VLOOKUP('PicMoney-Massa_de_Teste_com_Loj'!$D10000,DePara!$A$1:$B$9,2,FALSE) -> Vestuário | E10000: =VLOOKUP('PicMoney-Massa_de_Teste_com_Loj'!$E10000,DePara!$D$1:$E$8,2,FALSE) -> Calçada aleatória | F10000: -2.3563587e+16 | G10000: -4.6649886e+15 | H10000: =VLOOKUP('PicMoney-Massa_de_Teste_com_Loj'!$H10000,DePara!$G$1:$H$16,2,FALSE) -> Kalunga | I10000: =VLOOKUP('PicMoney-Massa_de_Teste_com_Loj'!$I10000,DePara!$J$1:$K$15,2,FALSE) -> Rua Augusta, 2220 | J10000: 342.22 | K10000: 71.37

Sheet DePara
A1: tipo_loja | B1: tipo_loja_corrigido | D1: local_captura | E1: local_captura_corrigido | G1: nome_loja | H1: nome_loja_corrigido | J1: endereco_loja | K1: endereco_loja_corrigido
A2: outros | B2: Outros | D2: CalÃ§ada aleatÃ³ria | E2: Calçada aleatória | G2: PÃ£o de AÃ§Ãºcar | H2: Pão de Açúcar | J2: Rua Pamplona, 1704 | K2: Rua Pamplona, 1704
A3: mÃ³veis | B3: Móveis | D3: Shopping Cidade SÃ£o Paulo | E3: Shopping Cidade São Paulo | G3: Kalunga | H3: Kalunga | J3: Rua Augusta, 2220 | K3: Rua Augusta, 2220
A4: vestuÃ¡rio | B4: Vestuário | D4: SemÃ¡foro | E4: Semáforo | G4: Daiso Japan | H4: Daiso Japan | J4: Shopping PÃ¡tio Paulista, Rua Treze de Maio, 1947 | K4: Shopping Pátio Paulista, Rua Treze de Maio, 1947
A5: restaurante | B5: Restaurante | D5: Shopping PÃ¡tio Paulista | E5: Shopping Pátio Paulista | G5: Smart Fit | H5: Smart Fit | J5: Av. Paulista, 2006 | K5: Av. Paulista, 2006
A6: mercado express | B6: Mercado Express | D6: MASP | E6: MASP | G6: Livraria Cultura | H6: Livraria Cultura | J6: Conjunto Nacional - Av. Paulista, 2073 | K6: Conjunto Nacional - Av. Paulista, 2073
A7: farmÃ¡cia | B7: Farmácia | D7: Parque Trianon | E7: Parque Trianon | G7: Drogaria SÃ£o Paulo | H7: Drogaria São Paulo | J7: Av. Paulista, 1230 | K7: Av. Paulista, 1230
A8: eletrodomÃ©stico | B8: Eletrodomésticos | D8: EstaÃ§Ã£o ConsolaÃ§Ã£o | E8: Estação Consolação | G8: Havaianas | H8: Havaianas | J8: Av. Paulista, 2439 | K8: Av. Paulista, 2439
A9: Esportivo | B9: Esportivo | G9: Subway | H9: Subway | J9: Av. Paulista, 2026 | K9: Av. Paulista, 2026
G10: Lojas Americanas | H10: Lojas Americanas | J10: Av. Paulista, 2300 | K10: Av. Paulista, 2300
G11: Fast Shop | H11: Fast Shop | J11: Shopping Cidade SÃ£o Paulo, Av. Paulista, 1230 | K11: Shopping Cidade São Paulo, Av. Paulista, 1230
G12: Outback | H12: Outback | J12: Av. Brigadeiro LuÃ­s AntÃ´nio, 2769 | K12: Av. Brigadeiro Luís Antônio, 2769
G13: Extra Mercado | H13: Extra Mercado | J13: Rua da ConsolaÃ§Ã£o, 2303 | K13: Rua da Consolação, 2303
G14: Ponto Frio | H14: Ponto Frio | J14: Av. Paulista, 2230 | K14: Av. Paulista, 2230
G15: Renner | H15: Renner | J15: Av. Paulista, 2277 | K15: Av. Paulista, 2277
G16: Riachuelo | H16: Riachuelo
